Letter,Thumb,Index,Middle,Ring,Pinky,IndexTouch,MiddleTouch,ThumbTouch
A,0.428,0.121,0.202,0.297,0.171,0,0,0
A,0.447,0.135,0.255,0.322,0.193,0,0,0
A,0.446,0.127,0.253,0.316,0.194,0,0,0
A,0.452,0.138,0.247,0.324,0.184,0,0,0
A,0.454,0.127,0.243,0.322,0.172,0,0,0
A,0.433,0.131,0.260,0.325,0.187,0,0,0
A,0.446,0.146,0.268,0.339,0.197,0,0,0
A,0.451,0.129,0.247,0.323,0.189,0,0,0
A,0.429,0.136,0.259,0.334,0.201,0,0,0
A,0.453,0.133,0.254,0.328,0.188,0,0,0
A,0.430,0.142,0.255,0.336,0.190,0,0,0
A,0.427,0.142,0.228,0.323,0.204,0,0,0
A,0.438,0.133,0.245,0.314,0.198,0,0,0
A,0.445,0.131,0.259,0.318,0.207,0,0,0
A,0.447,0.123,0.258,0.331,0.193,0,0,0
A,0.446,0.136,0.243,0.346,0.201,0,0,0
A,0.450,0.139,0.232,0.359,0.219,0,0,0
A,0.404,0.120,0.247,0.359,0.210,0,0,0
A,0.412,0.142,0.270,0.353,0.228,0,0,0
A,0.431,0.140,0.284,0.350,0.219,0,0,0
A,0.450,0.139,0.270,0.361,0.212,0,0,0
A,0.422,0.141,0.280,0.362,0.222,0,0,0
A,0.407,0.122,0.292,0.367,0.226,0,0,0
A,0.400,0.130,0.284,0.331,0.225,0,0,0
A,0.377,0.123,0.270,0.353,0.206,0,0,0
A,0.422,0.142,0.296,0.323,0.219,0,0,0
A,0.412,0.125,0.284,0.363,0.219,0,0,0
A,0.430,0.127,0.297,0.359,0.219,0,0,0
A,0.427,0.112,0.284,0.369,0.224,0,0,0
A,0.425,0.103,0.271,0.355,0.202,0,0,0
A,0.400,0.107,0.258,0.333,0.199,0,0,0
A,0.434,0.114,0.250,0.322,0.208,0,0,0
A,0.423,0.123,0.289,0.366,0.246,0,0,0
A,0.446,0.068,0.172,0.246,0.186,0,0,0
A,0.444,0.110,0.265,0.348,0.219,0,0,0
A,0.456,0.114,0.271,0.363,0.219,0,0,0
A,0.451,0.116,0.276,0.350,0.214,0,0,0
A,0.451,0.098,0.279,0.348,0.217,0,0,0
A,0.441,0.103,0.253,0.355,0.226,0,0,0
A,0.447,0.134,0.274,0.348,0.238,0,0,0
A,0.421,0.116,0.264,0.325,0.231,0,0,0
A,0.435,0.096,0.266,0.328,0.219,0,0,0
A,0.427,0.090,0.276,0.333,0.214,0,0,0
A,0.472,0.093,0.225,0.306,0.193,0,0,0
A,0.452,0.123,0.271,0.334,0.223,0,0,0
A,0.423,0.124,0.273,0.330,0.225,0,0,0
A,0.430,0.116,0.270,0.322,0.193,0,0,0
A,0.424,0.119,0.271,0.322,0.211,0,0,0
A,0.440,0.112,0.243,0.333,0.205,0,0,0
A,0.434,0.102,0.243,0.310,0.184,0,0,0
A,0.441,0.105,0.244,0.305,0.190,0,0,0
A,0.388,0.098,0.230,0.311,0.205,0,0,0
A,0.426,0.117,0.235,0.321,0.192,0,0,0
A,0.362,0.093,0.227,0.292,0.199,0,0,0
A,0.403,0.118,0.266,0.318,0.182,0,0,0
A,0.457,0.114,0.245,0.326,0.193,0,0,0
A,0.442,0.128,0.235,0.301,0.168,0,0,0
A,0.442,0.131,0.247,0.313,0.168,0,0,0
B,0.131,0.387,0.569,0.462,0.373,0,0,0
B,0.142,0.359,0.538,0.442,0.375,0,0,0
B,0.121,0.352,0.554,0.446,0.373,0,0,0
B,0.135,0.359,0.550,0.450,0.372,0,0,0
B,0.135,0.367,0.552,0.445,0.355,0,0,0
B,0.146,0.352,0.464,0.449,0.365,0,0,0
B,0.176,0.365,0.554,0.449,0.361,0,0,0
B,0.129,0.352,0.554,0.450,0.365,0,0,0
B,0.120,0.337,0.472,0.454,0.361,0,0,0
B,0.117,0.343,0.480,0.459,0.363,0,0,0
B,0.134,0.360,0.525,0.455,0.369,0,0,0
B,0.147,0.366,0.529,0.455,0.364,0,0,0
B,0.141,0.363,0.528,0.454,0.356,0,0,0
B,0.149,0.362,0.539,0.450,0.366,0,0,0
B,0.146,0.365,0.525,0.450,0.368,0,0,0
B,0.147,0.360,0.530,0.447,0.364,0,0,0
B,0.144,0.344,0.530,0.452,0.363,0,0,0
B,0.137,0.334,0.526,0.452,0.354,0,0,0
B,0.162,0.361,0.521,0.446,0.362,0,0,0
B,0.183,0.330,0.526,0.457,0.368,0,0,0
B,0.093,0.247,0.488,0.448,0.354,0,0,0
B,0.168,0.363,0.529,0.446,0.374,0,0,0
B,0.191,0.378,0.530,0.451,0.366,0,0,0
B,0.193,0.403,0.549,0.464,0.381,0,0,0
B,0.189,0.388,0.553,0.459,0.375,0,0,0
B,0.218,0.401,0.527,0.456,0.374,0,0,0
B,0.212,0.405,0.533,0.454,0.373,0,0,0
B,0.218,0.394,0.525,0.459,0.359,0,0,0
B,0.188,0.396,0.542,0.461,0.370,0,0,0
B,0.189,0.384,0.534,0.455,0.378,0,0,0
B,0.192,0.384,0.505,0.449,0.375,0,0,0
B,0.175,0.359,0.516,0.452,0.361,0,0,0
B,0.166,0.370,0.521,0.456,0.367,0,0,0
B,0.206,0.376,0.529,0.455,0.368,0,0,0
B,0.206,0.378,0.534,0.460,0.372,0,0,0
B,0.219,0.376,0.518,0.450,0.400,0,0,0
B,0.198,0.370,0.514,0.451,0.374,0,0,0
B,0.165,0.348,0.513,0.454,0.375,0,0,0
B,0.113,0.334,0.464,0.460,0.376,0,0,0
B,0.112,0.275,0.454,0.468,0.367,0,0,0
B,0.142,0.350,0.481,0.459,0.373,0,0,0
B,0.162,0.335,0.504,0.457,0.374,0,0,0
B,0.173,0.376,0.525,0.453,0.382,0,0,0
B,0.193,0.373,0.516,0.453,0.377,0,0,0
B,0.167,0.374,0.529,0.454,0.376,0,0,0
B,0.156,0.346,0.507,0.459,0.384,0,0,0
B,0.168,0.345,0.503,0.447,0.374,0,0,0
B,0.185,0.374,0.488,0.440,0.372,0,0,0
B,0.180,0.364,0.508,0.453,0.373,0,0,0
B,0.147,0.343,0.496,0.450,0.373,0,0,0
B,0.156,0.355,0.497,0.451,0.372,0,0,0
B,0.130,0.301,0.427,0.451,0.372,0,0,0
B,0.233,0.372,0.497,0.440,0.372,0,0,0
B,0.216,0.372,0.508,0.454,0.379,0,0,0
B,0.192,0.367,0.521,0.465,0.369,0,0,0
B,0.187,0.357,0.500,0.448,0.374,0,0,0
B,0.172,0.357,0.533,0.470,0.381,0,0,0
B,0.184,0.348,0.500,0.450,0.376,0,0,0
C,0.469,0.199,0.309,0.388,0.330,0,0,0
C,0.382,0.219,0.297,0.374,0.337,0,0,0
C,0.323,0.168,0.268,0.326,0.283,0,0,0
C,0.326,0.168,0.226,0.304,0.299,0,0,0
C,0.314,0.182,0.180,0.346,0.320,0,0,0
C,0.389,0.194,0.283,0.323,0.317,0,0,0
C,0.441,0.218,0.295,0.334,0.342,0,0,0
C,0.400,0.206,0.202,0.351,0.313,0,0,0
C,0.454,0.231,0.230,0.396,0.348,0,0,0
C,0.400,0.254,0.323,0.405,0.361,0,0,0
C,0.397,0.180,0.341,0.388,0.342,0,0,0
C,0.363,0.181,0.215,0.349,0.330,0,0,0
C,0.389,0.219,0.333,0.374,0.333,0,0,0
C,0.399,0.193,0.363,0.397,0.349,0,0,0
C,0.425,0.233,0.370,0.388,0.327,0,0,0
C,0.361,0.214,0.348,0.372,0.321,0,0,0
C,0.397,0.236,0.360,0.372,0.313,0,0,0
C,0.354,0.243,0.349,0.373,0.323,0,0,0
C,0.371,0.206,0.321,0.380,0.322,0,0,0
C,0.395,0.218,0.356,0.379,0.347,0,0,0
C,0.437,0.295,0.407,0.451,0.372,0,0,0
C,0.439,0.260,0.374,0.412,0.354,0,0,0
C,0.440,0.239,0.320,0.388,0.347,0,0,0
C,0.424,0.259,0.366,0.438,0.356,0,0,0
C,0.449,0.249,0.396,0.439,0.353,0,0,0
C,0.430,0.253,0.361,0.400,0.345,0,0,0
C,0.423,0.241,0.395,0.401,0.349,0,0,0
C,0.438,0.259,0.374,0.412,0.351,0,0,0
C,0.404,0.334,0.463,0.475,0.362,0,0,0
C,0.431,0.226,0.322,0.397,0.349,0,0,0
C,0.410,0.310,0.452,0.472,0.362,0,0,0
C,0.464,0.258,0.361,0.460,0.362,0,0,0
C,0.448,0.256,0.464,0.430,0.373,0,0,0
C,0.451,0.191,0.309,0.348,0.319,0,0,0
C,0.436,0.226,0.359,0.440,0.351,0,0,0
C,0.412,0.255,0.359,0.451,0.348,0,0,0
C,0.361,0.200,0.350,0.401,0.348,0,0,0
C,0.400,0.225,0.349,0.401,0.344,0,0,0
C,0.412,0.245,0.380,0.410,0.348,0,0,0
C,0.400,0.229,0.350,0.410,0.341,0,0,0
C,0.391,0.232,0.327,0.391,0.328,0,0,0
C,0.412,0.227,0.332,0.374,0.337,0,0,0
C,0.400,0.170,0.298,0.375,0.325,0,0,0
C,0.389,0.219,0.351,0.396,0.335,0,0,0
C,0.412,0.197,0.315,0.362,0.313,0,0,0
C,0.379,0.228,0.365,0.402,0.335,0,0,0
C,0.393,0.198,0.320,0.371,0.322,0,0,0
C,0.398,0.219,0.348,0.399,0.347,0,0,0
C,0.421,0.216,0.383,0.425,0.343,0,0,0
C,0.411,0.252,0.399,0.438,0.350,0,0,0
C,0.402,0.268,0.403,0.446,0.349,0,0,0
C,0.425,0.259,0.405,0.459,0.345,0,0,0
C,0.425,0.233,0.386,0.412,0.339,0,0,0
C,0.440,0.245,0.400,0.411,0.347,0,0,0
C,0.430,0.201,0.383,0.391,0.357,0,0,0
C,0.351,0.219,0.337,0.383,0.347,0,0,0
C,0.374,0.185,0.305,0.336,0.318,0,0,0
C,0.380,0.169,0.307,0.336,0.309,0,0,0
C,0.341,0.185,0.311,0.367,0.336,0,0,0
C,0.337,0.193,0.312,0.374,0.322,0,0,0
C,0.397,0.197,0.297,0.312,0.293,0,0,0
C,0.379,0.184,0.337,0.380,0.354,0,0,0
C,0.422,0.217,0.360,0.375,0.340,0,0,0
C,0.375,0.185,0.298,0.370,0.344,0,0,0
D,0.190,0.409,0.249,0.276,0.174,0,0,0
D,0.334,0.446,0.284,0.272,0.245,0,0,0
D,0.362,0.442,0.362,0.341,0.305,0,0,0
D,0.374,0.434,0.379,0.364,0.318,0,0,0
D,0.396,0.429,0.376,0.374,0.302,0,0,0
D,0.222,0.449,0.230,0.305,0.275,0,0,0
D,0.253,0.401,0.281,0.326,0.302,0,0,0
D,0.286,0.350,0.304,0.326,0.309,0,0,0
D,0.280,0.394,0.296,0.322,0.306,0,0,0
D,0.176,0.386,0.249,0.295,0.293,0,0,0
D,0.181,0.376,0.245,0.307,0.297,0,0,0
D,0.180,0.310,0.239,0.288,0.283,0,0,0
D,0.171,0.407,0.243,0.278,0.280,0,0,0
D,0.153,0.356,0.237,0.288,0.288,0,0,0
D,0.186,0.388,0.247,0.289,0.286,0,0,0
D,0.222,0.405,0.239,0.311,0.297,0,0,0
D,0.210,0.400,0.271,0.315,0.312,0,0,0
D,0.204,0.401,0.241,0.297,0.308,0,0,0
D,0.207,0.359,0.246,0.303,0.285,0,0,0
D,0.228,0.378,0.271,0.317,0.295,0,0,0
D,0.193,0.370,0.252,0.294,0.290,0,0,0
D,0.227,0.409,0.259,0.334,0.315,0,0,0
D,0.241,0.404,0.264,0.317,0.314,0,0,0
D,0.330,0.454,0.271,0.362,0.334,0,0,0
D,0.206,0.395,0.235,0.313,0.302,0,0,0
D,0.160,0.405,0.172,0.228,0.192,0,0,0
D,0.139,0.374,0.207,0.262,0.206,0,0,0
D,0.159,0.375,0.211,0.261,0.259,0,0,0
D,0.219,0.430,0.285,0.322,0.291,0,0,0
D,0.197,0.428,0.238,0.309,0.295,0,0,0
D,0.195,0.397,0.217,0.297,0.271,0,0,0
D,0.155,0.397,0.245,0.296,0.264,0,0,0
D,0.291,0.455,0.267,0.366,0.302,0,0,0
D,0.189,0.431,0.263,0.311,0.295,0,0,0
D,0.188,0.403,0.226,0.311,0.268,0,0,0
D,0.153,0.425,0.235,0.297,0.271,0,0,0
D,0.193,0.425,0.231,0.301,0.282,0,0,0
D,0.206,0.412,0.247,0.310,0.292,0,0,0
D,0.201,0.402,0.261,0.323,0.289,0,0,0
D,0.192,0.410,0.240,0.323,0.284,0,0,0
D,0.142,0.395,0.218,0.284,0.251,0,0,0
D,0.156,0.388,0.218,0.296,0.263,0,0,0
D,0.122,0.324,0.231,0.288,0.254,0,0,0
D,0.243,0.459,0.267,0.352,0.299,0,0,0
D,0.214,0.407,0.253,0.341,0.297,0,0,0
D,0.262,0.464,0.259,0.359,0.309,0,0,0
D,0.207,0.451,0.256,0.321,0.297,0,0,0
D,0.268,0.453,0.310,0.374,0.315,0,0,0
D,0.210,0.391,0.245,0.341,0.297,0,0,0
D,0.143,0.381,0.219,0.281,0.178,0,0,0
D,0.167,0.412,0.247,0.297,0.218,0,0,0
D,0.164,0.405,0.249,0.276,0.235,0,0,0
D,0.181,0.439,0.260,0.342,0.247,0,0,0
D,0.103,0.392,0.210,0.255,0.177,0,0,0
E,0.102,0.091,0.142,0.214,0.172,0,0,0
E,0.085,0.068,0.126,0.185,0.136,0,0,0
E,0.135,0.046,0.157,0.232,0.160,0,0,0
E,0.096,0.052,0.140,0.197,0.168,0,0,0
E,0.230,0.065,0.162,0.265,0.160,0,0,0
E,0.109,0.114,0.143,0.214,0.176,0,0,0
E,0.112,0.090,0.151,0.208,0.095,0,0,0
E,0.190,0.068,0.174,0.296,0.117,0,0,0
E,0.219,0.050,0.176,0.263,0.143,0,0,0
E,0.103,0.082,0.160,0.196,0.101,0,0,0
E,0.116,0.067,0.168,0.263,0.142,0,0,0
E,0.164,0.060,0.156,0.264,0.118,0,0,0
E,0.101,0.105,0.168,0.228,0.158,0,0,0
E,0.113,0.077,0.168,0.283,0.159,0,0,0
E,0.168,0.093,0.145,0.247,0.130,0,0,0
E,0.167,0.099,0.181,0.263,0.155,0,0,0
E,0.121,0.079,0.168,0.264,0.168,0,0,0
E,0.150,0.079,0.165,0.266,0.169,0,0,0
E,0.131,0.066,0.165,0.271,0.179,0,0,0
E,0.120,0.067,0.183,0.267,0.167,0,0,0
E,0.131,0.052,0.162,0.254,0.185,0,0,0
E,0.131,0.063,0.160,0.256,0.176,0,0,0
E,0.163,0.077,0.186,0.270,0.178,0,0,0
E,0.176,0.081,0.150,0.247,0.167,0,0,0
E,0.173,0.096,0.144,0.232,0.091,0,0,0
E,0.170,0.084,0.170,0.258,0.168,0,0,0
E,0.190,0.086,0.167,0.259,0.199,0,0,0
E,0.252,0.087,0.156,0.259,0.142,0,0,0
E,0.146,0.070,0.172,0.262,0.185,0,0,0
E,0.172,0.094,0.154,0.245,0.138,0,0,0
E,0.157,0.085,0.165,0.256,0.186,0,0,0
E,0.222,0.078,0.146,0.239,0.131,0,0,0
E,0.139,0.078,0.147,0.267,0.181,0,0,0
E,0.164,0.116,0.166,0.168,0.185,0,0,0
E,0.157,0.114,0.159,0.252,0.174,0,0,0
E,0.192,0.116,0.162,0.243,0.178,0,0,0
E,0.142,0.090,0.168,0.245,0.176,0,0,0
E,0.210,0.095,0.165,0.245,0.127,0,0,0
E,0.181,0.112,0.176,0.250,0.189,0,0,0
E,0.239,0.115,0.181,0.217,0.090,0,0,0
E,0.204,0.089,0.170,0.198,0.181,0,0,0
E,0.172,0.073,0.147,0.206,0.114,0,0,0
E,0.119,0.089,0.154,0.273,0.212,0,0,0
E,0.133,0.082,0.136,0.220,0.151,0,0,0
E,0.122,0.091,0.147,0.236,0.167,0,0,0
E,0.178,0.143,0.173,0.255,0.112,0,0,0
E,0.158,0.108,0.156,0.265,0.180,0,0,0
E,0.243,0.090,0.165,0.222,0.086,0,0,0
E,0.193,0.094,0.168,0.284,0.163,0,0,0
E,0.258,0.091,0.168,0.263,0.117,0,0,0
E,0.132,0.083,0.158,0.259,0.082,0,0,0
E,0.155,0.078,0.168,0.246,0.164,0,0,0
E,0.166,0.081,0.160,0.262,0.160,0,0,0
E,0.197,0.053,0.168,0.243,0.100,0,0,0
E,0.249,0.086,0.168,0.213,0.155,0,0,0
E,0.197,0.099,0.162,0.256,0.165,0,0,0
E,0.219,0.094,0.149,0.227,0.079,0,0,0
F,0.222,0.182,0.572,0.494,0.336,0,0,0
F,0.297,0.214,0.572,0.496,0.354,0,0,0
F,0.294,0.204,0.535,0.452,0.399,0,0,0
F,0.296,0.219,0.529,0.456,0.381,0,0,0
F,0.322,0.185,0.500,0.466,0.378,0,0,0
F,0.295,0.219,0.542,0.456,0.395,0,0,0
F,0.274,0.218,0.529,0.450,0.388,0,0,0
F,0.301,0.224,0.537,0.459,0.392,0,0,0
F,0.314,0.209,0.534,0.457,0.391,0,0,0
F,0.218,0.163,0.503,0.462,0.389,0,0,0
F,0.203,0.170,0.515,0.464,0.374,0,0,0
F,0.301,0.178,0.528,0.468,0.396,0,0,0
F,0.269,0.172,0.543,0.467,0.401,0,0,0
F,0.243,0.184,0.534,0.470,0.400,0,0,0
F,0.193,0.160,0.554,0.469,0.401,0,0,0
F,0.190,0.116,0.479,0.469,0.385,0,0,0
F,0.245,0.196,0.533,0.465,0.377,0,0,0
F,0.232,0.143,0.544,0.468,0.388,0,0,0
F,0.193,0.151,0.524,0.468,0.378,0,0,0
F,0.249,0.188,0.544,0.467,0.388,0,0,0
F,0.261,0.210,0.550,0.455,0.389,0,0,0
F,0.242,0.186,0.547,0.457,0.395,0,0,0
F,0.187,0.173,0.508,0.464,0.392,0,0,0
F,0.236,0.193,0.495,0.466,0.389,0,0,0
F,0.175,0.131,0.486,0.465,0.363,0,0,0
F,0.307,0.264,0.500,0.466,0.385,0,0,0
F,0.301,0.224,0.531,0.468,0.375,0,0,0
F,0.285,0.222,0.425,0.459,0.382,0,0,0
F,0.276,0.217,0.489,0.464,0.388,0,0,0
F,0.272,0.230,0.529,0.464,0.380,0,0,0
F,0.273,0.235,0.468,0.453,0.387,0,0,0
F,0.374,0.249,0.564,0.498,0.396,0,0,0
F,0.182,0.185,0.579,0.475,0.396,0,0,0
F,0.207,0.181,0.545,0.464,0.398,0,0,0
F,0.173,0.182,0.558,0.467,0.392,0,0,0
F,0.166,0.175,0.553,0.466,0.400,0,0,0
F,0.197,0.194,0.546,0.464,0.398,0,0,0
F,0.209,0.201,0.512,0.463,0.399,0,0,0
F,0.193,0.189,0.517,0.463,0.397,0,0,0
F,0.176,0.179,0.510,0.463,0.396,0,0,0
F,0.219,0.209,0.541,0.460,0.401,0,0,0
F,0.208,0.217,0.478,0.460,0.394,0,0,0
F,0.146,0.153,0.425,0.457,0.380,0,0,0
F,0.156,0.181,0.463,0.455,0.376,0,0,0
F,0.133,0.176,0.496,0.454,0.379,0,0,0
F,0.085,0.135,0.496,0.451,0.374,0,0,0
F,0.117,0.168,0.512,0.451,0.367,0,0,0
F,0.139,0.175,0.499,0.455,0.367,0,0,0
F,0.132,0.159,0.503,0.451,0.372,0,0,0
F,0.139,0.173,0.472,0.454,0.379,0,0,0
F,0.160,0.151,0.521,0.464,0.391,0,0,0
F,0.160,0.151,0.521,0.464,0.391,0,0,0
F,0.069,0.151,0.604,0.475,0.374,0,0,0
F,0.116,0.170,0.580,0.464,0.387,0,0,0
F,0.116,0.156,0.555,0.451,0.361,0,0,0
F,0.172,0.199,0.576,0.462,0.396,0,0,0
F,0.191,0.230,0.573,0.459,0.397,0,0,0
F,0.159,0.193,0.606,0.463,0.398,0,0,0
G,0.427,0.388,0.172,0.215,0.189,0,0,0
G,0.434,0.357,0.168,0.219,0.202,0,0,0
G,0.472,0.334,0.172,0.209,0.194,0,0,0
G,0.500,0.322,0.167,0.189,0.176,0,0,0
G,0.451,0.351,0.170,0.206,0.202,0,0,0
G,0.446,0.374,0.181,0.223,0.217,0,0,0
G,0.494,0.383,0.170,0.220,0.206,0,0,0
G,0.481,0.374,0.181,0.210,0.194,0,0,0
G,0.477,0.431,0.179,0.210,0.196,0,0,0
G,0.495,0.424,0.179,0.223,0.206,0,0,0
G,0.489,0.355,0.169,0.212,0.206,0,0,0
G,0.455,0.428,0.168,0.208,0.196,0,0,0
G,0.474,0.400,0.162,0.196,0.201,0,0,0
G,0.475,0.438,0.179,0.201,0.196,0,0,0
G,0.477,0.401,0.189,0.193,0.205,0,0,0
G,0.459,0.372,0.235,0.258,0.202,0,0,0
G,0.479,0.425,0.276,0.246,0.207,0,0,0
G,0.476,0.447,0.157,0.193,0.169,0,0,0
G,0.477,0.412,0.172,0.197,0.195,0,0,0
G,0.488,0.400,0.170,0.197,0.199,0,0,0
G,0.488,0.412,0.157,0.193,0.196,0,0,0
G,0.462,0.360,0.156,0.198,0.193,0,0,0
G,0.438,0.438,0.167,0.193,0.185,0,0,0
G,0.498,0.388,0.146,0.164,0.181,0,0,0
G,0.501,0.355,0.155,0.185,0.152,0,0,0
G,0.449,0.425,0.181,0.211,0.205,0,0,0
G,0.477,0.421,0.151,0.189,0.193,0,0,0
G,0.503,0.430,0.157,0.189,0.193,0,0,0
G,0.502,0.457,0.146,0.191,0.201,0,0,0
G,0.496,0.395,0.168,0.234,0.194,0,0,0
G,0.499,0.405,0.159,0.201,0.194,0,0,0
G,0.491,0.457,0.168,0.219,0.217,0,0,0
G,0.486,0.434,0.168,0.206,0.205,0,0,0
G,0.496,0.401,0.167,0.211,0.201,0,0,0
G,0.492,0.408,0.146,0.193,0.197,0,0,0
G,0.487,0.344,0.160,0.193,0.205,0,0,0
G,0.492,0.369,0.154,0.201,0.204,0,0,0
G,0.495,0.396,0.153,0.210,0.209,0,0,0
G,0.483,0.427,0.160,0.204,0.205,0,0,0
G,0.505,0.442,0.168,0.215,0.204,0,0,0
G,0.497,0.446,0.168,0.206,0.219,0,0,0
G,0.496,0.411,0.168,0.197,0.219,0,0,0
G,0.481,0.403,0.164,0.189,0.202,0,0,0
G,0.485,0.430,0.146,0.182,0.170,0,0,0
G,0.495,0.402,0.158,0.187,0.205,0,0,0
G,0.481,0.412,0.155,0.209,0.185,0,0,0
G,0.503,0.442,0.158,0.218,0.203,0,0,0
G,0.484,0.456,0.143,0.189,0.216,0,0,0
G,0.511,0.412,0.155,0.138,0.206,0,0,0
G,0.497,0.437,0.147,0.215,0.205,0,0,0
G,0.401,0.454,0.151,0.224,0.209,0,0,0
G,0.457,0.464,0.142,0.201,0.175,0,0,0
G,0.462,0.439,0.156,0.195,0.180,0,0,0
G,0.468,0.374,0.156,0.214,0.193,0,0,0
G,0.450,0.378,0.155,0.199,0.169,0,0,0
G,0.464,0.428,0.143,0.233,0.186,0,0,0
G,0.464,0.423,0.155,0.211,0.168,0,0,0
G,0.453,0.387,0.171,0.209,0.175,0,0,0
G,0.387,0.451,0.191,0.236,0.211,0,0,0
H,0.113,0.446,0.617,0.295,0.201,0,0,0
H,0.114,0.454,0.623,0.341,0.190,0,0,0
H,0.235,0.469,0.626,0.324,0.279,0,0,0
H,0.259,0.451,0.631,0.300,0.219,0,0,0
H,0.150,0.412,0.595,0.327,0.210,0,0,0
H,0.201,0.354,0.546,0.322,0.222,0,0,0
H,0.153,0.390,0.567,0.308,0.177,0,0,0
H,0.150,0.363,0.587,0.270,0.176,0,0,0
H,0.147,0.463,0.567,0.282,0.204,0,0,0
H,0.311,0.409,0.581,0.280,0.222,0,0,0
H,0.280,0.348,0.496,0.295,0.169,0,0,0
H,0.138,0.425,0.550,0.308,0.217,0,0,0
H,0.131,0.455,0.597,0.320,0.210,0,0,0
H,0.105,0.460,0.604,0.297,0.162,0,0,0
H,0.156,0.412,0.545,0.288,0.181,0,0,0
H,0.153,0.425,0.552,0.301,0.211,0,0,0
H,0.239,0.459,0.575,0.305,0.235,0,0,0
H,0.189,0.409,0.584,0.325,0.202,0,0,0
H,0.285,0.439,0.589,0.284,0.207,0,0,0
H,0.139,0.442,0.602,0.239,0.155,0,0,0
H,0.218,0.446,0.596,0.258,0.162,0,0,0
H,0.183,0.474,0.596,0.234,0.153,0,0,0
H,0.245,0.443,0.581,0.268,0.185,0,0,0
H,0.302,0.378,0.567,0.208,0.223,0,0,0
H,0.184,0.322,0.579,0.271,0.226,0,0,0
H,0.271,0.441,0.560,0.299,0.243,0,0,0
H,0.297,0.355,0.579,0.254,0.208,0,0,0
H,0.186,0.412,0.573,0.272,0.241,0,0,0
H,0.114,0.434,0.588,0.282,0.206,0,0,0
H,0.103,0.425,0.562,0.271,0.253,0,0,0
H,0.116,0.429,0.593,0.239,0.225,0,0,0
H,0.116,0.436,0.573,0.277,0.271,0,0,0
H,0.157,0.367,0.556,0.281,0.252,0,0,0
H,0.123,0.339,0.526,0.268,0.245,0,0,0
H,0.157,0.436,0.557,0.296,0.245,0,0,0
H,0.111,0.425,0.606,0.270,0.255,0,0,0
H,0.168,0.403,0.585,0.293,0.284,0,0,0
H,0.125,0.425,0.554,0.262,0.262,0,0,0
H,0.112,0.425,0.591,0.289,0.171,0,0,0
H,0.108,0.369,0.586,0.298,0.193,0,0,0
H,0.143,0.412,0.439,0.307,0.236,0,0,0
H,0.118,0.305,0.554,0.330,0.284,0,0,0
H,0.136,0.399,0.572,0.309,0.230,0,0,0
H,0.139,0.357,0.580,0.323,0.243,0,0,0
H,0.098,0.310,0.579,0.295,0.254,0,0,0
H,0.108,0.425,0.584,0.347,0.239,0,0,0
H,0.168,0.454,0.582,0.193,0.232,0,0,0
H,0.144,0.395,0.595,0.206,0.183,0,0,0
H,0.206,0.463,0.606,0.193,0.222,0,0,0
H,0.258,0.425,0.608,0.258,0.203,0,0,0
H,0.143,0.454,0.603,0.230,0.164,0,0,0
H,0.168,0.438,0.600,0.208,0.206,0,0,0
H,0.121,0.451,0.606,0.223,0.209,0,0,0
H,0.142,0.459,0.580,0.213,0.183,0,0,0
H,0.108,0.447,0.604,0.288,0.272,0,0,0
H,0.297,0.459,0.603,0.281,0.241,0,0,0
H,0.103,0.422,0.594,0.304,0.312,0,0,0
H,0.155,0.424,0.602,0.262,0.236,0,0,0
I,0.114,0.035,0.147,0.296,0.374,0,0,0
I,0.116,0.039,0.156,0.297,0.373,0,0,0
I,0.154,0.049,0.163,0.297,0.376,0,0,0
I,0.311,0.106,0.225,0.291,0.374,0,0,0
I,0.116,0.062,0.156,0.181,0.354,0,0,0
I,0.106,0.066,0.153,0.215,0.359,0,0,0
I,0.124,0.052,0.152,0.207,0.372,0,0,0
I,0.146,0.053,0.167,0.249,0.381,0,0,0
I,0.208,0.073,0.193,0.262,0.375,0,0,0
I,0.283,0.078,0.219,0.273,0.374,0,0,0
I,0.245,0.095,0.179,0.280,0.390,0,0,0
I,0.288,0.074,0.188,0.273,0.383,0,0,0
I,0.095,0.061,0.188,0.226,0.391,0,0,0
I,0.153,0.052,0.176,0.264,0.395,0,0,0
I,0.117,0.060,0.175,0.275,0.387,0,0,0
I,0.066,0.064,0.183,0.237,0.389,0,0,0
I,0.094,0.060,0.177,0.230,0.395,0,0,0
I,0.131,0.065,0.177,0.245,0.366,0,0,0
I,0.050,0.073,0.172,0.212,0.372,0,0,0
I,0.128,0.065,0.176,0.272,0.382,0,0,0
I,0.131,0.076,0.179,0.230,0.392,0,0,0
I,0.118,0.077,0.181,0.245,0.391,0,0,0
I,0.103,0.060,0.193,0.244,0.375,0,0,0
I,0.143,0.060,0.182,0.249,0.383,0,0,0
I,0.113,0.065,0.185,0.243,0.388,0,0,0
I,0.230,0.117,0.243,0.314,0.396,0,0,0
I,0.181,0.085,0.212,0.276,0.372,0,0,0
I,0.173,0.070,0.193,0.295,0.400,0,0,0
I,0.120,0.066,0.173,0.235,0.392,0,0,0
I,0.139,0.081,0.204,0.258,0.389,0,0,0
I,0.118,0.098,0.203,0.245,0.368,0,0,0
I,0.197,0.086,0.224,0.297,0.389,0,0,0
I,0.168,0.094,0.206,0.256,0.409,0,0,0
I,0.113,0.069,0.179,0.230,0.387,0,0,0
I,0.052,0.076,0.183,0.193,0.389,0,0,0
I,0.085,0.056,0.156,0.218,0.383,0,0,0
I,0.102,0.066,0.182,0.222,0.388,0,0,0
I,0.076,0.072,0.181,0.221,0.394,0,0,0
I,0.103,0.088,0.173,0.276,0.388,0,0,0
I,0.123,0.081,0.219,0.317,0.387,0,0,0
I,0.093,0.074,0.206,0.267,0.396,0,0,0
I,0.096,0.072,0.193,0.252,0.393,0,0,0
I,0.096,0.080,0.214,0.255,0.385,0,0,0
I,0.118,0.090,0.189,0.293,0.374,0,0,0
I,0.153,0.077,0.204,0.312,0.396,0,0,0
I,0.096,0.072,0.193,0.252,0.393,0,0,0
I,0.096,0.080,0.214,0.255,0.385,0,0,0
I,0.118,0.090,0.189,0.293,0.374,0,0,0
I,0.153,0.077,0.204,0.312,0.396,0,0,0
I,0.107,0.079,0.144,0.213,0.392,0,0,0
I,0.151,0.079,0.172,0.230,0.376,0,0,0
I,0.217,0.116,0.228,0.297,0.399,0,0,0
I,0.121,0.070,0.201,0.255,0.382,0,0,0
I,0.080,0.088,0.186,0.234,0.374,0,0,0
I,0.133,0.090,0.176,0.283,0.381,0,0,0
I,0.172,0.064,0.168,0.215,0.401,0,0,0
I,0.143,0.068,0.182,0.215,0.404,0,0,0
I,0.171,0.060,0.193,0.227,0.374,0,0,0
K,0.397,0.409,0.306,0.185,0.131,0,0,0
K,0.388,0.446,0.356,0.191,0.138,0,0,0
K,0.389,0.442,0.349,0.193,0.141,0,0,0
K,0.400,0.434,0.342,0.205,0.151,0,0,0
K,0.382,0.429,0.337,0.195,0.142,0,0,0
K,0.389,0.449,0.341,0.204,0.152,0,0,0
K,0.359,0.401,0.359,0.219,0.156,0,0,0
K,0.361,0.350,0.383,0.212,0.160,0,0,0
K,0.374,0.394,0.401,0.206,0.157,0,0,0
K,0.401,0.386,0.168,0.211,0.156,0,0,0
K,0.396,0.376,0.360,0.194,0.168,0,0,0
K,0.409,0.310,0.383,0.202,0.177,0,0,0
K,0.405,0.407,0.381,0.214,0.173,0,0,0
K,0.411,0.356,0.400,0.204,0.168,0,0,0
K,0.403,0.388,0.396,0.211,0.181,0,0,0
K,0.400,0.405,0.393,0.206,0.168,0,0,0
K,0.400,0.400,0.402,0.214,0.168,0,0,0
K,0.421,0.401,0.392,0.201,0.163,0,0,0
K,0.412,0.359,0.395,0.221,0.171,0,0,0
K,0.395,0.378,0.396,0.205,0.175,0,0,0
K,0.401,0.370,0.393,0.215,0.168,0,0,0
K,0.337,0.409,0.271,0.230,0.207,0,0,0
K,0.335,0.404,0.324,0.237,0.211,0,0,0
K,0.344,0.454,0.330,0.238,0.205,0,0,0
K,0.325,0.395,0.334,0.222,0.217,0,0,0
K,0.333,0.405,0.364,0.235,0.201,0,0,0
K,0.330,0.374,0.374,0.242,0.214,0,0,0
K,0.345,0.375,0.400,0.238,0.202,0,0,0
K,0.328,0.430,0.412,0.246,0.214,0,0,0
K,0.337,0.428,0.421,0.235,0.206,0,0,0
K,0.334,0.397,0.412,0.245,0.210,0,0,0
K,0.335,0.397,0.425,0.247,0.205,0,0,0
K,0.343,0.455,0.425,0.248,0.209,0,0,0
K,0.342,0.431,0.425,0.247,0.213,0,0,0
K,0.326,0.403,0.409,0.251,0.202,0,0,0
K,0.330,0.425,0.322,0.251,0.193,0,0,0
K,0.330,0.425,0.352,0.258,0.181,0,0,0
K,0.324,0.412,0.349,0.256,0.196,0,0,0
K,0.311,0.402,0.362,0.259,0.188,0,0,0
K,0.345,0.410,0.348,0.266,0.206,0,0,0
K,0.341,0.395,0.380,0.258,0.206,0,0,0
K,0.342,0.388,0.374,0.262,0.212,0,0,0
K,0.347,0.324,0.372,0.258,0.206,0,0,0
K,0.342,0.459,0.387,0.259,0.225,0,0,0
K,0.352,0.407,0.401,0.265,0.218,0,0,0
K,0.337,0.464,0.407,0.260,0.210,0,0,0
K,0.346,0.451,0.400,0.245,0.217,0,0,0
K,0.347,0.453,0.422,0.244,0.219,0,0,0
K,0.257,0.391,0.224,0.258,0.220,0,0,0
K,0.247,0.381,0.291,0.243,0.221,0,0,0
K,0.251,0.412,0.291,0.251,0.215,0,0,0
K,0.259,0.405,0.284,0.255,0.215,0,0,0
K,0.264,0.439,0.281,0.258,0.220,0,0,0
K,0.262,0.392,0.304,0.265,0.232,0,0,0
K,0.262,0.409,0.311,0.259,0.218,0,0,0
K,0.253,0.446,0.342,0.253,0.214,0,0,0
K,0.268,0.442,0.354,0.268,0.220,0,0,0
K,0.261,0.434,0.376,0.261,0.215,0,0,0
K,0.280,0.429,0.376,0.261,0.219,0,0,0
K,0.289,0.449,0.379,0.256,0.214,0,0,0
K,0.340,0.401,0.407,0.289,0.179,0,0,0
K,0.348,0.350,0.436,0.284,0.169,0,0,0
K,0.334,0.394,0.426,0.284,0.167,0,0,0
K,0.339,0.386,0.408,0.274,0.172,0,0,0
K,0.352,0.376,0.425,0.284,0.168,0,0,0
K,0.334,0.310,0.412,0.280,0.168,0,0,0
K,0.338,0.407,0.412,0.284,0.184,0,0,0
L,0.501,0.387,0.093,0.202,0.172,0,0,0
L,0.501,0.359,0.114,0.222,0.123,0,0,0
L,0.492,0.352,0.121,0.219,0.155,0,0,0
L,0.500,0.359,0.116,0.214,0.156,0,0,0
L,0.501,0.367,0.111,0.207,0.143,0,0,0
L,0.512,0.352,0.115,0.221,0.155,0,0,0
L,0.516,0.365,0.107,0.201,0.178,0,0,0
L,0.489,0.352,0.095,0.207,0.151,0,0,0
L,0.514,0.337,0.098,0.219,0.151,0,0,0
L,0.478,0.343,0.122,0.246,0.181,0,0,0
L,0.490,0.360,0.108,0.245,0.163,0,0,0
L,0.490,0.366,0.117,0.241,0.189,0,0,0
L,0.497,0.363,0.108,0.236,0.199,0,0,0
L,0.488,0.362,0.117,0.267,0.189,0,0,0
L,0.488,0.365,0.135,0.245,0.197,0,0,0
L,0.479,0.360,0.139,0.266,0.177,0,0,0
L,0.477,0.344,0.143,0.245,0.176,0,0,0
L,0.495,0.334,0.127,0.271,0.183,0,0,0
L,0.477,0.361,0.132,0.251,0.185,0,0,0
L,0.472,0.330,0.136,0.258,0.170,0,0,0
L,0.486,0.247,0.106,0.247,0.180,0,0,0
L,0.470,0.363,0.138,0.260,0.185,0,0,0
L,0.492,0.378,0.140,0.240,0.170,0,0,0
L,0.477,0.403,0.133,0.255,0.181,0,0,0
L,0.464,0.388,0.135,0.247,0.181,0,0,0
L,0.487,0.401,0.128,0.245,0.180,0,0,0
L,0.477,0.405,0.126,0.246,0.194,0,0,0
L,0.479,0.394,0.142,0.254,0.191,0,0,0
L,0.488,0.396,0.117,0.242,0.183,0,0,0
L,0.504,0.384,0.131,0.246,0.182,0,0,0
L,0.490,0.384,0.127,0.255,0.197,0,0,0
L,0.490,0.359,0.131,0.251,0.183,0,0,0
L,0.477,0.370,0.135,0.247,0.176,0,0,0
L,0.477,0.376,0.133,0.247,0.193,0,0,0
L,0.492,0.378,0.127,0.247,0.189,0,0,0
L,0.442,0.376,0.112,0.245,0.206,0,0,0
L,0.425,0.370,0.135,0.276,0.189,0,0,0
L,0.434,0.348,0.131,0.249,0.193,0,0,0
L,0.447,0.334,0.142,0.282,0.191,0,0,0
L,0.460,0.275,0.127,0.256,0.211,0,0,0
L,0.451,0.350,0.126,0.277,0.206,0,0,0
L,0.427,0.335,0.117,0.245,0.172,0,0,0
L,0.450,0.376,0.118,0.258,0.176,0,0,0
L,0.456,0.373,0.122,0.265,0.192,0,0,0
L,0.442,0.374,0.131,0.252,0.204,0,0,0
L,0.436,0.346,0.112,0.271,0.186,0,0,0
L,0.450,0.345,0.111,0.262,0.193,0,0,0
L,0.452,0.374,0.121,0.264,0.185,0,0,0
L,0.442,0.364,0.142,0.263,0.193,0,0,0
L,0.451,0.343,0.113,0.245,0.193,0,0,0
L,0.434,0.355,0.136,0.276,0.207,0,0,0
L,0.450,0.301,0.131,0.258,0.203,0,0,0
O,0.284,0.199,0.305,0.340,0.328,0,1,1
O,0.270,0.219,0.296,0.353,0.342,1,1,1
O,0.256,0.168,0.230,0.222,0.235,0,0,0
O,0.388,0.168,0.243,0.242,0.229,1,1,1
O,0.367,0.182,0.231,0.230,0.181,0,0,0
O,0.400,0.194,0.204,0.219,0.185,0,1,0
O,0.442,0.218,0.219,0.244,0.182,0,0,1
O,0.450,0.206,0.234,0.230,0.176,0,0,1
O,0.401,0.231,0.325,0.322,0.284,1,1,1
O,0.202,0.254,0.280,0.320,0.268,0,0,0
O,0.466,0.180,0.309,0.323,0.279,0,1,1
O,0.446,0.181,0.306,0.327,0.301,0,1,1
O,0.463,0.219,0.314,0.314,0.291,0,1,1
O,0.460,0.193,0.339,0.309,0.303,0,1,1
O,0.470,0.233,0.323,0.297,0.309,0,1,1
O,0.470,0.214,0.347,0.317,0.288,0,1,1
O,0.461,0.236,0.323,0.314,0.322,0,1,1
O,0.460,0.243,0.302,0.333,0.291,0,1,1
O,0.455,0.206,0.327,0.318,0.292,0,1,1
O,0.426,0.218,0.334,0.330,0.292,0,1,1
O,0.459,0.295,0.313,0.334,0.304,0,1,1
O,0.428,0.260,0.334,0.300,0.288,0,1,1
O,0.438,0.239,0.327,0.322,0.309,0,1,1
O,0.451,0.259,0.337,0.320,0.309,0,1,1
O,0.452,0.249,0.322,0.309,0.295,0,1,1
O,0.434,0.253,0.322,0.337,0.297,0,1,1
O,0.447,0.241,0.317,0.324,0.305,0,1,1
O,0.466,0.259,0.336,0.327,0.293,0,0,1
O,0.443,0.334,0.326,0.334,0.312,0,1,1
O,0.429,0.226,0.309,0.305,0.296,0,1,1
O,0.447,0.310,0.322,0.347,0.297,0,1,1
O,0.443,0.258,0.334,0.326,0.288,0,1,1
O,0.450,0.256,0.321,0.317,0.297,0,1,1
O,0.289,0.191,0.248,0.317,0.271,0,1,1
O,0.285,0.226,0.240,0.293,0.265,0,1,1
O,0.276,0.255,0.262,0.311,0.251,0,1,1
O,0.273,0.200,0.275,0.304,0.262,0,1,1
O,0.291,0.225,0.253,0.276,0.271,0,1,1
O,0.293,0.245,0.253,0.283,0.259,0,1,1
O,0.266,0.229,0.255,0.267,0.251,0,1,1
O,0.284,0.232,0.260,0.302,0.254,0,1,1
O,0.272,0.227,0.255,0.286,0.265,0,1,1
O,0.267,0.170,0.252,0.273,0.266,0,1,1
O,0.269,0.219,0.268,0.280,0.271,0,1,1
O,0.270,0.197,0.260,0.297,0.256,0,1,1
O,0.273,0.228,0.253,0.295,0.249,0,1,1
O,0.274,0.198,0.243,0.295,0.269,0,1,1
O,0.293,0.219,0.258,0.279,0.280,0,1,1
O,0.276,0.216,0.256,0.300,0.265,0,1,1
O,0.271,0.252,0.259,0.268,0.265,0,1,1
O,0.264,0.268,0.257,0.271,0.274,0,1,1
O,0.272,0.259,0.251,0.271,0.262,0,1,1
O,0.289,0.245,0.252,0.296,0.258,0,1,1
O,0.268,0.233,0.250,0.277,0.250,0,1,1
O,0.259,0.245,0.262,0.276,0.256,0,1,1
O,0.272,0.201,0.259,0.292,0.262,0,1,1
O,0.279,0.219,0.259,0.280,0.265,0,1,1
O,0.266,0.185,0.267,0.282,0.258,0,1,1
O,0.288,0.219,0.257,0.271,0.271,0,1,1
O,0.286,0.169,0.271,0.276,0.271,0,1,1
O,0.272,0.185,0.266,0.288,0.278,0,1,1
O,0.293,0.193,0.269,0.272,0.247,0,1,1
O,0.260,0.197,0.258,0.300,0.272,0,1,1
O,0.288,0.197,0.258,0.273,0.258,0,1,1
O,0.272,0.199,0.260,0.286,0.280,0,1,1
O,0.280,0.219,0.258,0.280,0.271,0,1,1
P,0.295,0.387,0.157,0.207,0.142,0,1,1
P,0.293,0.359,0.161,0.214,0.135,0,1,1
P,0.297,0.352,0.140,0.193,0.125,0,1,1
P,0.305,0.359,0.144,0.195,0.131,0,1,1
P,0.313,0.367,0.168,0.193,0.139,0,1,1
P,0.309,0.352,0.167,0.189,0.146,0,1,1
P,0.343,0.365,0.152,0.205,0.126,0,1,1
P,0.343,0.352,0.157,0.193,0.121,0,1,1
P,0.343,0.337,0.152,0.195,0.127,0,1,1
P,0.324,0.343,0.159,0.208,0.124,0,1,1
P,0.341,0.360,0.170,0.193,0.143,0,1,1
P,0.347,0.366,0.164,0.210,0.116,0,1,1
P,0.336,0.363,0.155,0.211,0.139,0,1,1
P,0.348,0.362,0.150,0.206,0.142,0,1,1
P,0.314,0.365,0.156,0.210,0.151,0,1,1
P,0.341,0.360,0.160,0.221,0.149,0,1,1
P,0.348,0.344,0.155,0.218,0.130,0,1,1
P,0.334,0.334,0.172,0.206,0.145,0,1,1
P,0.336,0.361,0.161,0.211,0.139,0,1,1
P,0.326,0.330,0.168,0.193,0.153,0,1,1
P,0.347,0.247,0.152,0.206,0.141,0,1,1
P,0.333,0.363,0.163,0.203,0.146,0,1,1
P,0.343,0.378,0.163,0.222,0.139,0,1,1
P,0.344,0.403,0.164,0.212,0.144,0,1,1
P,0.348,0.388,0.168,0.205,0.146,0,1,1
P,0.343,0.401,0.162,0.212,0.138,0,1,1
P,0.343,0.405,0.170,0.194,0.133,0,1,1
P,0.324,0.394,0.165,0.206,0.136,0,1,1
P,0.327,0.396,0.157,0.212,0.151,0,1,1
P,0.346,0.384,0.164,0.206,0.141,0,1,1
P,0.337,0.384,0.160,0.189,0.146,0,1,1
P,0.330,0.359,0.164,0.209,0.136,0,1,1
P,0.337,0.370,0.165,0.201,0.141,0,1,1
P,0.336,0.376,0.156,0.210,0.147,0,1,1
P,0.332,0.378,0.166,0.211,0.147,0,1,1
P,0.351,0.376,0.154,0.197,0.142,0,1,1
P,0.339,0.370,0.168,0.211,0.144,0,1,1
P,0.337,0.348,0.164,0.218,0.131,0,1,1
P,0.341,0.334,0.181,0.204,0.142,0,1,1
P,0.332,0.275,0.168,0.214,0.137,0,1,1
P,0.327,0.350,0.165,0.193,0.136,0,1,1
P,0.330,0.335,0.172,0.208,0.121,0,1,1
P,0.343,0.376,0.171,0.210,0.152,0,1,1
P,0.339,0.373,0.157,0.208,0.135,0,1,1
P,0.345,0.374,0.168,0.214,0.133,0,1,1
P,0.347,0.346,0.172,0.219,0.132,0,1,1
P,0.344,0.345,0.165,0.210,0.149,0,1,1
P,0.345,0.374,0.168,0.206,0.150,0,1,1
P,0.326,0.364,0.164,0.207,0.146,0,1,1
P,0.338,0.343,0.159,0.210,0.147,0,1,1
P,0.323,0.355,0.165,0.214,0.147,0,1,1
P,0.347,0.301,0.171,0.214,0.146,0,1,1
P,0.327,0.372,0.159,0.229,0.142,0,1,1
P,0.335,0.372,0.173,0.194,0.153,0,1,1
P,0.340,0.387,0.160,0.199,0.138,0,1,1
P,0.351,0.359,0.154,0.208,0.143,0,1,1
P,0.338,0.352,0.175,0.219,0.150,0,1,1
P,0.334,0.359,0.168,0.217,0.137,0,1,1
P,0.341,0.367,0.168,0.218,0.156,0,1,1
P,0.323,0.352,0.181,0.199,0.141,0,1,1
P,0.344,0.365,0.163,0.209,0.147,0,1,1
P,0.337,0.352,0.168,0.200,0.147,0,1,1
P,0.337,0.337,0.164,0.195,0.142,0,1,1
P,0.340,0.343,0.164,0.217,0.142,0,1,1
P,0.344,0.360,0.168,0.204,0.141,0,1,1
P,0.334,0.366,0.170,0.208,0.147,0,1,1
P,0.340,0.363,0.163,0.208,0.147,0,1,1
P,0.333,0.362,0.164,0.197,0.139,0,1,1
P,0.349,0.365,0.165,0.201,0.149,0,1,1
P,0.331,0.360,0.168,0.210,0.135,0,1,1
P,0.337,0.344,0.176,0.199,0.142,0,1,1
P,0.331,0.334,0.168,0.206,0.144,0,1,1
Q,0.520,0.387,0.309,0.356,0.255,0,1,1
Q,0.492,0.359,0.309,0.363,0.269,0,1,1
Q,0.490,0.352,0.305,0.348,0.255,0,1,1
Q,0.497,0.359,0.322,0.358,0.261,0,1,0
Q,0.496,0.367,0.305,0.342,0.256,0,1,1
Q,0.494,0.352,0.297,0.353,0.272,0,1,1
Q,0.504,0.365,0.300,0.363,0.250,0,1,1
Q,0.475,0.352,0.297,0.356,0.265,0,1,1
Q,0.492,0.337,0.309,0.341,0.265,0,1,1
Q,0.491,0.343,0.318,0.361,0.263,0,1,1
Q,0.494,0.360,0.320,0.346,0.276,0,1,1
Q,0.479,0.366,0.321,0.348,0.271,0,1,1
Q,0.501,0.363,0.304,0.348,0.268,0,1,1
Q,0.477,0.362,0.322,0.348,0.262,0,1,1
Q,0.490,0.365,0.304,0.341,0.258,0,1,1
Q,0.508,0.360,0.324,0.331,0.267,0,1,1
Q,0.488,0.344,0.308,0.352,0.271,0,1,1
Q,0.491,0.334,0.309,0.353,0.260,0,1,1
Q,0.504,0.361,0.326,0.366,0.265,0,1,1
Q,0.499,0.330,0.322,0.369,0.281,0,1,1
Q,0.501,0.247,0.319,0.351,0.258,0,1,1
Q,0.524,0.363,0.322,0.338,0.270,0,1,1
Q,0.517,0.378,0.313,0.367,0.271,0,1,1
Q,0.512,0.403,0.322,0.345,0.258,0,1,1
Q,0.477,0.388,0.305,0.347,0.245,0,1,1
Q,0.496,0.401,0.300,0.359,0.271,0,1,1
Q,0.485,0.405,0.296,0.348,0.264,0,1,1
Q,0.500,0.394,0.301,0.338,0.270,0,1,1
Q,0.490,0.396,0.305,0.351,0.266,0,1,1
Q,0.486,0.384,0.288,0.322,0.259,0,1,1
Q,0.483,0.384,0.315,0.372,0.263,0,1,1
Q,0.504,0.359,0.289,0.338,0.266,0,1,1
Q,0.482,0.370,0.305,0.351,0.272,0,1,1
Q,0.476,0.376,0.301,0.357,0.269,0,1,1
Q,0.504,0.378,0.313,0.347,0.267,0,1,1
Q,0.490,0.376,0.297,0.348,0.270,0,1,1
Q,0.482,0.370,0.289,0.349,0.276,0,1,1
Q,0.489,0.348,0.312,0.347,0.267,0,1,1
Q,0.484,0.334,0.293,0.363,0.271,0,1,1
Q,0.484,0.275,0.321,0.359,0.267,0,1,1
Q,0.482,0.350,0.326,0.366,0.292,0,1,1
Q,0.503,0.335,0.309,0.348,0.275,0,1,1
Q,0.486,0.376,0.322,0.374,0.254,0,1,1
Q,0.500,0.373,0.301,0.372,0.278,0,1,1
Q,0.497,0.374,0.298,0.351,0.258,0,1,1
Q,0.490,0.346,0.297,0.363,0.266,0,1,1
Q,0.492,0.345,0.309,0.352,0.273,0,1,1
Q,0.479,0.374,0.317,0.348,0.267,0,1,1
Q,0.492,0.364,0.315,0.361,0.286,0,1,1
Q,0.505,0.343,0.297,0.340,0.273,0,1,1
Q,0.510,0.355,0.324,0.348,0.254,0,1,1
Q,0.493,0.301,0.312,0.376,0.280,0,1,1
Q,0.498,0.372,0.291,0.361,0.268,0,1,1
Q,0.475,0.372,0.331,0.347,0.271,0,1,1
Q,0.503,0.387,0.317,0.357,0.274,0,1,1
R,0.103,0.387,0.460,0.266,0.098,0,0,1
R,0.118,0.359,0.477,0.271,0.095,0,0,1
R,0.109,0.352,0.470,0.258,0.101,0,0,1
R,0.107,0.359,0.467,0.279,0.114,0,0,1
R,0.113,0.367,0.459,0.271,0.110,0,0,1
R,0.108,0.352,0.470,0.281,0.107,0,0,1
R,0.116,0.365,0.485,0.235,0.106,0,0,1
R,0.118,0.352,0.484,0.264,0.110,0,0,1
R,0.141,0.337,0.454,0.223,0.108,0,0,1
R,0.121,0.343,0.464,0.265,0.105,0,0,1
R,0.118,0.360,0.484,0.276,0.116,0,0,1
R,0.129,0.366,0.470,0.265,0.122,0,0,1
R,0.129,0.363,0.492,0.258,0.115,0,0,1
R,0.120,0.362,0.476,0.284,0.089,0,0,1
R,0.137,0.365,0.464,0.267,0.103,0,0,1
R,0.129,0.360,0.468,0.259,0.102,0,0,1
R,0.121,0.344,0.475,0.250,0.108,0,0,1
R,0.142,0.334,0.464,0.269,0.119,0,0,1
R,0.131,0.361,0.468,0.266,0.116,0,0,1
R,0.124,0.330,0.467,0.259,0.108,0,0,1
R,0.114,0.247,0.483,0.275,0.125,0,0,1
R,0.127,0.363,0.477,0.273,0.106,0,0,1
R,0.110,0.378,0.492,0.272,0.109,0,0,1
R,0.128,0.403,0.450,0.282,0.103,0,0,1
R,0.114,0.388,0.464,0.259,0.107,0,0,1
R,0.142,0.401,0.459,0.258,0.103,0,0,1
R,0.142,0.405,0.483,0.281,0.095,0,0,1
R,0.142,0.394,0.484,0.269,0.114,0,0,1
R,0.155,0.396,0.480,0.280,0.116,0,0,1
R,0.138,0.384,0.477,0.263,0.111,0,0,1
R,0.148,0.384,0.467,0.267,0.110,0,0,1
R,0.134,0.359,0.467,0.293,0.098,0,0,1
R,0.142,0.370,0.458,0.251,0.106,0,0,1
R,0.142,0.376,0.464,0.268,0.122,0,0,1
R,0.118,0.378,0.479,0.258,0.124,0,0,1
R,0.140,0.376,0.477,0.286,0.106,0,0,1
R,0.150,0.370,0.455,0.271,0.120,0,0,1
R,0.147,0.348,0.466,0.258,0.101,0,0,1
R,0.142,0.334,0.472,0.251,0.127,0,0,1
R,0.131,0.275,0.479,0.283,0.103,0,0,1
R,0.159,0.350,0.464,0.271,0.116,0,0,1
R,0.155,0.335,0.481,0.255,0.110,0,0,1
R,0.134,0.376,0.479,0.272,0.116,0,0,1
R,0.158,0.373,0.471,0.258,0.108,0,0,1
R,0.152,0.374,0.473,0.245,0.129,0,0,1
R,0.130,0.346,0.460,0.246,0.106,0,0,1
R,0.120,0.345,0.453,0.237,0.136,0,0,1
R,0.145,0.374,0.477,0.260,0.114,0,0,1
R,0.157,0.364,0.457,0.267,0.120,0,0,1
R,0.138,0.343,0.477,0.253,0.116,0,0,1
R,0.145,0.355,0.472,0.245,0.102,0,0,1
R,0.150,0.301,0.477,0.241,0.114,0,0,1
R,0.145,0.372,0.477,0.273,0.107,0,0,1
R,0.144,0.372,0.479,0.276,0.109,0,0,1
R,0.156,0.387,0.492,0.258,0.129,0,0,1
R,0.128,0.359,0.459,0.271,0.138,0,0,1
R,0.145,0.352,0.469,0.271,0.131,0,0,1
R,0.159,0.359,0.481,0.272,0.102,0,0,1
R,0.155,0.367,0.478,0.271,0.127,0,0,1
R,0.149,0.352,0.455,0.242,0.128,0,0,1
R,0.139,0.365,0.461,0.247,0.120,0,0,1
R,0.158,0.352,0.482,0.259,0.131,0,0,1
R,0.150,0.337,0.475,0.263,0.125,0,0,1
R,0.140,0.343,0.475,0.235,0.128,0,0,1
S,0.144,0.121,0.163,0.238,0.142,0,1,1
S,0.164,0.135,0.149,0.258,0.146,0,1,1
S,0.142,0.127,0.125,0.257,0.159,0,1,1
S,0.165,0.138,0.143,0.259,0.142,0,1,1
S,0.168,0.127,0.133,0.258,0.142,0,1,1
S,0.172,0.131,0.167,0.279,0.156,0,1,1
S,0.169,0.146,0.155,0.262,0.149,0,1,1
S,0.168,0.129,0.150,0.253,0.153,0,1,1
S,0.163,0.136,0.176,0.262,0.153,0,1,1
S,0.168,0.133,0.136,0.267,0.166,0,1,1
S,0.164,0.142,0.166,0.283,0.164,0,1,1
S,0.172,0.142,0.155,0.263,0.143,0,1,1
S,0.168,0.133,0.172,0.273,0.169,0,1,1
S,0.171,0.131,0.150,0.251,0.152,0,1,1
S,0.160,0.123,0.166,0.258,0.147,0,1,1
S,0.147,0.136,0.154,0.268,0.147,0,1,1
S,0.147,0.139,0.127,0.273,0.149,0,1,1
S,0.152,0.120,0.122,0.250,0.160,0,1,1
S,0.177,0.142,0.131,0.273,0.147,0,1,1
S,0.155,0.140,0.109,0.272,0.143,0,1,1
S,0.167,0.139,0.131,0.268,0.165,0,1,1
S,0.172,0.141,0.155,0.259,0.147,0,1,1
S,0.160,0.122,0.159,0.267,0.162,0,1,1
S,0.168,0.130,0.142,0.282,0.155,0,1,1
S,0.175,0.123,0.144,0.258,0.142,0,1,1
S,0.170,0.125,0.141,0.271,0.152,0,1,1
S,0.150,0.127,0.143,0.266,0.164,0,1,1
S,0.143,0.112,0.114,0.279,0.147,0,1,1
S,0.159,0.103,0.129,0.258,0.164,0,1,1
S,0.165,0.107,0.156,0.252,0.144,0,1,1
S,0.160,0.114,0.135,0.273,0.141,0,1,1
S,0.175,0.123,0.147,0.265,0.159,0,1,1
S,0.155,0.068,0.111,0.271,0.156,0,1,1
S,0.168,0.110,0.144,0.269,0.143,0,1,1
S,0.162,0.114,0.168,0.272,0.147,0,1,1
S,0.181,0.116,0.139,0.275,0.155,0,1,1
S,0.164,0.098,0.126,0.278,0.145,0,1,1
S,0.177,0.103,0.140,0.263,0.166,0,1,1
S,0.155,0.134,0.147,0.264,0.152,0,1,1
S,0.147,0.116,0.145,0.270,0.169,0,1,1
S,0.171,0.096,0.138,0.263,0.147,0,1,1
S,0.156,0.090,0.156,0.258,0.158,0,1,1
S,0.172,0.093,0.136,0.280,0.156,0,1,1
S,0.152,0.123,0.142,0.284,0.168,0,1,1
S,0.155,0.124,0.137,0.288,0.157,0,1,1
S,0.157,0.116,0.143,0.273,0.142,0,1,1
S,0.155,0.119,0.141,0.284,0.151,0,1,1
S,0.153,0.112,0.147,0.272,0.163,0,1,1
S,0.167,0.102,0.141,0.271,0.151,0,1,1
S,0.161,0.105,0.133,0.289,0.152,0,1,1
S,0.182,0.098,0.142,0.263,0.147,0,1,1
S,0.156,0.117,0.155,0.255,0.156,0,1,1
S,0.168,0.093,0.150,0.283,0.177,0,1,1
S,0.164,0.118,0.116,0.284,0.157,0,1,1
S,0.155,0.114,0.140,0.271,0.152,0,1,1
S,0.159,0.128,0.141,0.282,0.141,0,1,1
S,0.154,0.131,0.142,0.271,0.157,0,1,1
S,0.180,0.121,0.135,0.283,0.168,0,1,1
S,0.155,0.135,0.130,0.270,0.155,0,1,1
S,0.161,0.127,0.133,0.276,0.144,0,1,1
S,0.158,0.138,0.154,0.279,0.143,0,1,1
S,0.160,0.127,0.161,0.264,0.168,0,1,1
S,0.170,0.131,0.143,0.253,0.147,0,1,1
S,0.176,0.146,0.132,0.287,0.145,0,1,1
S,0.172,0.129,0.127,0.278,0.142,0,1,1
S,0.182,0.136,0.146,0.270,0.164,0,1,1
S,0.171,0.133,0.141,0.269,0.145,0,1,1
S,0.170,0.142,0.137,0.269,0.154,0,1,1
S,0.163,0.142,0.134,0.279,0.152,0,1,1
S,0.166,0.133,0.120,0.268,0.170,0,1,1
U,0.106,0.387,0.551,0.309,0.09,1,1,1
U,0.120,0.359,0.558,0.314,0.108,1,1,1
U,0.119,0.352,0.542,0.402,0.103,1,1,1
U,0.118,0.359,0.564,0.421,0.099,1,1,1
U,0.115,0.367,0.567,0.432,0.112,1,1,1
U,0.116,0.352,0.567,0.313,0.103,1,1,1
U,0.124,0.365,0.565,0.318,0.109,1,1,1
U,0.117,0.352,0.562,0.310,0.103,1,1,1
U,0.125,0.337,0.563,0.318,0.106,1,1,0
U,0.116,0.343,0.575,0.323,0.105,1,1,0
U,0.126,0.360,0.553,0.312,0.106,1,1,0
U,0.134,0.366,0.573,0.322,0.120,1,1,0
U,0.138,0.363,0.572,0.320,0.118,1,1,0
U,0.142,0.362,0.589,0.320,0.121,1,1,0
U,0.140,0.365,0.583,0.328,0.121,1,1,0
U,0.137,0.360,0.586,0.321,0.127,1,1,0
U,0.126,0.344,0.595,0.313,0.116,1,1,0
U,0.140,0.334,0.589,0.321,0.126,1,1,0
U,0.132,0.361,0.587,0.322,0.135,1,1,0
U,0.151,0.330,0.588,0.331,0.118,1,1,0
U,0.129,0.247,0.580,0.324,0.111,1,1,0
U,0.145,0.363,0.604,0.338,0.115,1,1,0
U,0.139,0.378,0.587,0.319,0.134,1,1,0
U,0.127,0.403,0.595,0.314,0.131,1,1,0
U,0.139,0.388,0.596,0.318,0.117,1,1,0
U,0.118,0.401,0.606,0.337,0.125,1,1,0
U,0.142,0.405,0.587,0.335,0.143,1,1,0
U,0.153,0.394,0.603,0.331,0.127,1,1,0
U,0.134,0.396,0.599,0.328,0.131,1,1,0
U,0.143,0.384,0.595,0.318,0.131,1,1,0
U,0.139,0.384,0.602,0.333,0.120,1,1,0
U,0.139,0.376,0.598,0.331,0.147,1,1,0
U,0.147,0.370,0.604,0.309,0.129,1,1,0
U,0.131,0.348,0.600,0.325,0.132,1,1,0
U,0.143,0.345,0.595,0.323,0.142,1,1,0
U,0.146,0.346,0.599,0.318,0.141,1,1,0
U,0.139,0.355,0.606,0.328,0.135,1,1,0
U,0.147,0.374,0.605,0.331,0.147,1,1,0
U,0.142,0.345,0.602,0.324,0.139,1,1,0
U,0.142,0.345,0.606,0.326,0.152,1,1,0
U,0.146,0.350,0.594,0.336,0.140,1,1,0
U,0.144,0.335,0.599,0.330,0.141,1,1,0
U,0.142,0.301,0.600,0.335,0.156,1,1,0
U,0.146,0.372,0.601,0.333,0.144,1,1,0
U,0.145,0.372,0.612,0.321,0.147,1,1,0
U,0.153,0.367,0.606,0.323,0.144,1,1,0
U,0.156,0.376,0.598,0.333,0.160,1,1,0
U,0.159,0.378,0.612,0.341,0.155,1,1,0
U,0.169,0.376,0.598,0.328,0.159,1,1,0
U,0.155,0.370,0.593,0.346,0.165,1,1,0
U,0.160,0.348,0.600,0.331,0.166,1,1,0
U,0.147,0.348,0.592,0.330,0.157,1,1,0
U,0.146,0.350,0.594,0.336,0.140,1,1,0
U,0.144,0.335,0.599,0.330,0.141,1,1,0
U,0.142,0.301,0.600,0.335,0.156,1,1,0
U,0.146,0.372,0.601,0.333,0.144,1,1,0
U,0.145,0.372,0.612,0.321,0.147,1,1,0
U,0.153,0.367,0.606,0.323,0.144,1,1,0
U,0.156,0.376,0.598,0.333,0.160,1,1,0
U,0.159,0.378,0.612,0.341,0.155,1,1,0
U,0.169,0.376,0.598,0.328,0.159,1,1,0
U,0.155,0.370,0.593,0.346,0.165,1,1,0
U,0.160,0.348,0.600,0.331,0.166,1,1,0
U,0.147,0.348,0.592,0.330,0.157,1,1,0
U,0.158,0.334,0.608,0.338,0.150,1,1,0
U,0.175,0.459,0.618,0.337,0.155,1,1,0
U,0.156,0.407,0.610,0.332,0.168,1,1,0
U,0.169,0.464,0.612,0.342,0.159,1,1,0
U,0.172,0.451,0.605,0.339,0.168,1,1,0
U,0.164,0.395,0.612,0.333,0.168,1,1,0
U,0.164,0.405,0.607,0.331,0.161,1,1,0
U,0.175,0.459,0.605,0.344,0.158,1,1,0
U,0.170,0.407,0.613,0.331,0.168,1,1,0
V,0.137,0.387,0.51,0.293,0.167,0,0,1
V,0.143,0.359,0.496,0.309,0.193,0,0,1
V,0.141,0.352,0.529,0.253,0.18,0,0,1
V,0.124,0.359,0.507,0.301,0.167,0,0,1
V,0.139,0.367,0.506,0.271,0.175,0,0,1
V,0.137,0.352,0.502,0.308,0.181,0,0,1
V,0.137,0.365,0.505,0.362,0.173,0,0,1
V,0.134,0.352,0.517,0.299,0.181,0,0,1
V,0.15,0.337,0.507,0.254,0.178,0,0,1
V,0.136,0.343,0.513,0.301,0.182,0,0,1
V,0.142,0.36,0.505,0.305,0.176,0,0,1
V,0.141,0.366,0.503,0.256,0.178,0,0,1
V,0.147,0.363,0.517,0.297,0.182,0,0,1
V,0.14,0.362,0.521,0.32,0.168,0,0,1
V,0.142,0.365,0.516,0.308,0.175,0,0,1
V,0.127,0.36,0.51,0.271,0.178,0,0,1
V,0.126,0.344,0.505,0.335,0.156,0,0,1
V,0.14,0.334,0.495,0.312,0.16,0,0,1
V,0.142,0.361,0.514,0.303,0.181,0,0,1
V,0.146,0.33,0.487,0.245,0.168,0,0,1
V,0.155,0.247,0.515,0.285,0.176,0,0,1
V,0.141,0.363,0.516,0.295,0.185,0,0,1
V,0.162,0.378,0.501,0.299,0.182,0,0,1
V,0.152,0.403,0.516,0.309,0.163,0,0,1
V,0.149,0.388,0.513,0.308,0.167,0,0,1
V,0.145,0.401,0.503,0.337,0.176,0,0,1
V,0.14,0.405,0.503,0.288,0.168,0,0,1
V,0.132,0.394,0.514,0.289,0.19,0,0,1
V,0.142,0.396,0.498,0.301,0.191,0,0,1
V,0.146,0.384,0.492,0.293,0.178,0,0,1
V,0.140,0.384,0.503,0.279,0.170,0,0,1
W,0.152,0.387,0.477,0.457,0.317,0,0,1
W,0.163,0.359,0.47,0.445,0.318,0,0,1
W,0.159,0.352,0.477,0.452,0.347,0,0,1
W,0.151,0.359,0.479,0.478,0.335,0,0,1
W,0.168,0.367,0.494,0.448,0.37,0,0,1
W,0.168,0.352,0.456,0.471,0.334,0,0,1
W,0.165,0.365,0.482,0.475,0.359,0,0,1
W,0.165,0.352,0.464,0.455,0.325,0,0,1
W,0.145,0.337,0.483,0.455,0.318,0,0,1
W,0.172,0.343,0.457,0.479,0.322,0,0,1
W,0.168,0.36,0.471,0.452,0.259,0,0,1
W,0.172,0.366,0.476,0.467,0.339,0,0,1
W,0.176,0.363,0.464,0.464,0.334,0,0,1
W,0.177,0.362,0.477,0.479,0.305,0,0,1
W,0.168,0.365,0.46,0.451,0.359,0,0,1
W,0.153,0.36,0.477,0.455,0.341,0,0,1
W,0.185,0.344,0.459,0.479,0.352,0,0,1
W,0.176,0.334,0.478,0.451,0.338,0,0,1
W,0.177,0.361,0.502,0.477,0.343,0,0,1
W,0.154,0.33,0.459,0.475,0.289,0,0,1
W,0.175,0.247,0.484,0.486,0.271,0,0,1
W,0.169,0.363,0.5,0.459,0.346,0,0,1
W,0.192,0.378,0.479,0.469,0.284,0,0,1
W,0.179,0.403,0.486,0.464,0.335,0,0,1
W,0.173,0.388,0.479,0.479,0.312,0,0,1
W,0.162,0.401,0.495,0.455,0.345,0,0,1
W,0.18,0.405,0.481,0.464,0.247,0,0,1
W,0.169,0.394,0.497,0.467,0.342,0,0,1
W,0.156,0.396,0.491,0.475,0.339,0,0,1
W,0.175,0.384,0.479,0.46,0.339,0,0,1
W,0.155,0.384,0.503,0.452,0.348,0,0,1
W,0.184,0.359,0.477,0.486,0.334,0,0,1
W,0.168,0.37,0.473,0.459,0.314,0,0,1
W,0.168,0.376,0.483,0.479,0.323,0,0,1
W,0.181,0.378,0.484,0.47,0.322,0,0,1
W,0.183,0.376,0.502,0.446,0.32,0,0,1
W,0.165,0.37,0.503,0.477,0.34,0,0,1
W,0.172,0.348,0.469,0.482,0.34,0,0,1
W,0.173,0.334,0.465,0.486,0.314,0,0,1
W,0.163,0.275,0.473,0.479,0.318,0,0,1
W,0.181,0.350,0.477,0.48,0.330,0,0,1
W,0.168,0.335,0.46,0.469,0.346,0,0,1
W,0.191,0.376,0.475,0.502,0.322,0,0,1
W,0.185,0.373,0.477,0.459,0.325,0,0,1
W,0.178,0.374,0.486,0.465,0.313,0,0,1
W,0.168,0.346,0.469,0.468,0.309,0,0,1
W,0.189,0.345,0.483,0.463,0.322,0,0,1
W,0.149,0.374,0.478,0.46,0.328,0,0,1
W,0.163,0.364,0.501,0.451,0.281,0,0,1
W,0.181,0.343,0.473,0.453,0.31,0,0,1
W,0.183,0.355,0.499,0.464,0.322,0,0,1
W,0.176,0.301,0.51,0.465,0.324,0,0,1
W,0.177,0.372,0.471,0.464,0.334,0,0,1
W,0.185,0.372,0.495,0.459,0.293,0,0,1
W,0.166,0.367,0.492,0.459,0.236,0,0,1
W,0.168,0.357,0.481,0.477,0.328,0,0,1
W,0.172,0.357,0.492,0.442,0.331,0,0,1
W,0.166,0.348,0.487,0.478,0.304,0,0,1
W,0.179,0.387,0.484,0.444,0.348,0,0,1
W,0.181,0.359,0.503,0.457,0.327,0,0,1
W,0.167,0.352,0.497,0.448,0.331,0,0,1
W,0.189,0.359,0.503,0.477,0.297,0,0,1
W,0.168,0.367,0.496,0.447,0.351,0,0,1
W,0.177,0.352,0.495,0.468,0.301,0,0,1
W,0.156,0.365,0.482,0.464,0.323,0,0,1
W,0.179,0.352,0.503,0.476,0.298,0,0,1
W,0.175,0.337,0.485,0.466,0.328,0,0,1
W,0.164,0.343,0.473,0.475,0.338,0,0,1
W,0.168,0.360,0.482,0.453,0.349,0,0,1
W,0.185,0.366,0.479,0.465,0.271,0,0,1
W,0.164,0.363,0.485,0.462,0.309,0,0,1
W,0.164,0.362,0.470,0.466,0.300,0,0,1
W,0.168,0.365,0.491,0.454,0.341,0,0,1
W,0.164,0.360,0.479,0.475,0.350,0,0,1
W,0.189,0.344,0.482,0.469,0.281,0,0,1
X,0.181,0.199,0.073,0.205,0.114,0,0,0
X,0.21,0.219,0.103,0.189,0.135,0,0,0
X,0.177,0.168,0.107,0.207,0.127,0,0,0
X,0.204,0.168,0.11,0.203,0.094,0,0,0
X,0.205,0.182,0.081,0.226,0.121,0,0,0
X,0.189,0.194,0.106,0.197,0.116,0,0,0
X,0.214,0.218,0.092,0.202,0.077,0,0,0
X,0.202,0.206,0.077,0.209,0.103,0,0,0
X,0.191,0.231,0.089,0.209,0.134,0,0,0
X,0.193,0.254,0.094,0.193,0.07,0,0,0
X,0.212,0.18,0.141,0.215,0.129,0,0,0
X,0.226,0.181,0.131,0.18,0.09,0,0,0
X,0.21,0.219,0.109,0.197,0.077,0,0,0
X,0.219,0.193,0.117,0.234,0.106,0,0,0
X,0.235,0.233,0.139,0.193,0.1,0,0,0
X,0.201,0.214,0.116,0.176,0.12,0,0,0
X,0.191,0.236,0.103,0.193,0.114,0,0,0
X,0.232,0.243,0.098,0.189,0.105,0,0,0
X,0.197,0.206,0.128,0.204,0.118,0,0,0
X,0.223,0.218,0.089,0.21,0.13,0,0,0
X,0.193,0.295,0.123,0.197,0.099,0,0,0
X,0.245,0.26,0.078,0.205,0.094,0,0,0
X,0.214,0.239,0.122,0.245,0.091,0,0,0
X,0.225,0.259,0.094,0.178,0.129,0,0,0
X,0.243,0.249,0.103,0.171,0.114,0,0,0
X,0.193,0.253,0.118,0.217,0.12,0,0,0
X,0.215,0.241,0.122,0.209,0.12,0,0,0
X,0.234,0.259,0.116,0.172,0.092,0,0,0
X,0.211,0.334,0.118,0.189,0.117,0,0,0
X,0.228,0.226,0.103,0.205,0.106,0,0,0
X,0.23,0.31,0.123,0.218,0.117,0,0,0
X,0.222,0.258,0.141,0.189,0.121,0,0,0
X,0.224,0.256,0.12,0.168,0.125,0,0,0
X,0.237,0.191,0.099,0.206,0.109,0,0,0
X,0.237,0.226,0.136,0.199,0.117,0,0,0
X,0.24,0.255,0.106,0.185,0.112,0,0,0
X,0.243,0.2,0.106,0.206,0.127,0,0,0
X,0.225,0.225,0.112,0.204,0.127,0,0,0
X,0.231,0.245,0.122,0.205,0.11,0,0,0
X,0.196,0.229,0.135,0.177,0.126,0,0,0
X,0.226,0.232,0.106,0.231,0.118,0,0,0
X,0.24,0.227,0.103,0.214,0.141,0,0,0
X,0.202,0.17,0.117,0.206,0.119,0,0,0
X,0.249,0.219,0.11,0.23,0.11,0,0,0
X,0.219,0.197,0.112,0.21,0.147,0,0,0
X,0.255,0.228,0.114,0.207,0.13,0,0,0
X,0.246,0.198,0.129,0.206,0.131,0,0,0
X,0.23,0.219,0.149,0.214,0.127,0,0,0
X,0.262,0.216,0.117,0.176,0.1,0,0,0
X,0.255,0.252,0.139,0.263,0.113,0,0,0
X,0.251,0.268,0.131,0.211,0.14,0,0,0
X,0.23,0.259,0.129,0.199,0.098,0,0,0
X,0.257,0.233,0.125,0.214,0.102,0,0,0
X,0.247,0.245,0.127,0.222,0.143,0,0,0
X,0.235,0.201,0.133,0.189,0.122,0,0,0
X,0.264,0.219,0.135,0.23,0.109,0,0,0
X,0.246,0.185,0.136,0.185,0.118,0,0,0
X,0.239,0.169,0.143,0.193,0.124,0,0,0
X,0.253,0.185,0.125,0.218,0.141,0,0,0
X,0.253,0.193,0.111,0.189,0.121,0,0,0
X,0.239,0.197,0.118,0.21,0.135,0,0,0
X,0.219,0.184,0.139,0.211,0.131,0,0,0
X,0.241,0.217,0.13,0.182,0.116,0,0,0
X,0.207,0.185,0.136,0.21,0.107,0,0,0
X,0.231,0.199,0.1,0.202,0.129,0,0,0
X,0.265,0.219,0.134,0.183,0.142,0,0,0
X,0.267,0.168,0.11,0.185,0.118,0,0,0
X,0.24,0.168,0.112,0.193,0.128,0,0,0
X,0.256,0.182,0.103,0.202,0.116,0,0,0
X,0.237,0.194,0.155,0.225,0.151,0,0,0
X,0.22,0.218,0.142,0.226,0.142,0,0,0
X,0.242,0.206,0.142,0.226,0.127,0,0,0
X,0.232,0.231,0.125,0.193,0.143,0,0,0
X,0.227,0.254,0.151,0.229,0.118,0,0,0
X,0.228,0.18,0.147,0.205,0.143,0,0,0
X,0.235,0.181,0.116,0.211,0.114,0,0,0
X,0.246,0.219,0.127,0.207,0.116,0,0,0
X,0.249,0.193,0.121,0.219,0.118,0,0,0
X,0.28,0.233,0.118,0.193,0.144,0,0,0
X,0.243,0.214,0.116,0.218,0.143,0,0,0
X,0.24,0.236,0.168,0.181,0.13,0,0,0
X,0.223,0.243,0.134,0.219,0.123,0,0,0
X,0.253,0.206,0.142,0.222,0.123,0,0,0
X,0.256,0.218,0.116,0.19,0.127,0,0,0
X,0.247,0.295,0.125,0.207,0.14,0,0,0
X,0.245,0.26,0.116,0.212,0.123,0,0,0
Y,0.49,0.121,0.154,0.298,0.4,0,1,0
Y,0.492,0.135,0.147,0.288,0.392,0,1,0
Y,0.494,0.127,0.181,0.277,0.387,0,1,0
Y,0.479,0.138,0.155,0.285,0.392,0,1,0
Y,0.502,0.127,0.159,0.285,0.401,0,1,0
Y,0.503,0.131,0.154,0.282,0.41,0,1,0
Y,0.475,0.146,0.16,0.275,0.412,0,1,0
Y,0.519,0.129,0.175,0.279,0.409,0,1,0
Y,0.485,0.136,0.181,0.288,0.425,0,1,0
Y,0.488,0.133,0.164,0.269,0.412,0,1,0
Y,0.45,0.142,0.172,0.283,0.412,0,1,0
Y,0.45,0.142,0.144,0.307,0.412,0,1,0
Y,0.427,0.133,0.153,0.262,0.432,0,1,0
Y,0.437,0.131,0.154,0.271,0.436,0,1,0
Y,0.422,0.123,0.144,0.279,0.385,0,1,0
Y,0.412,0.136,0.154,0.271,0.412,0,1,0
Y,0.4,0.139,0.184,0.26,0.41,0,1,0
Y,0.428,0.12,0.176,0.277,0.4,0,1,0
Y,0.408,0.142,0.18,0.271,0.376,0,1,0
Y,0.412,0.14,0.16,0.27,0.389,0,1,0
Y,0.405,0.139,0.166,0.246,0.397,0,1,0
Y,0.422,0.141,0.144,0.293,0.379,0,1,0
Y,0.428,0.122,0.198,0.289,0.392,0,1,0
Y,0.397,0.13,0.181,0.291,0.409,0,1,0
Y,0.392,0.123,0.176,0.273,0.391,0,1,0
Y,0.427,0.142,0.168,0.256,0.376,0,1,0
Y,0.434,0.125,0.176,0.265,0.375,0,1,0
Y,0.412,0.127,0.204,0.271,0.383,0,1,0
Y,0.43,0.112,0.173,0.258,0.381,0,1,0
Y,0.401,0.103,0.165,0.301,0.403,0,1,0
Y,0.405,0.107,0.152,0.28,0.384,0,1,0
Y,0.437,0.114,0.181,0.28,0.398,0,1,0
Y,0.401,0.123,0.192,0.273,0.425,0,1,0
Y,0.412,0.068,0.163,0.298,0.381,0,1,0
Y,0.361,0.11,0.182,0.293,0.411,0,1,0
Y,0.412,0.114,0.185,0.278,0.437,0,1,0
Y,0.392,0.116,0.142,0.286,0.375,0,1,0
Y,0.43,0.098,0.168,0.297,0.388,0,1,0
Y,0.4,0.103,0.185,0.302,0.412,0,1,0
Y,0.423,0.134,0.160,0.309,0.430,0,1,0
Y,0.396,0.116,0.184,0.309,0.392,0,1,0
Y,0.392,0.096,0.169,0.263,0.404,0,1,0
Y,0.374,0.090,0.166,0.284,0.390,0,1,0
Y,0.427,0.093,0.186,0.297,0.381,0,1,0
Y,0.412,0.123,0.171,0.297,0.401,0,1,0
Y,0.396,0.124,0.186,0.272,0.401,0,1,0
Y,0.405,0.116,0.201,0.289,0.392,0,1,0
Y,0.425,0.119,0.193,0.271,0.411,0,1,0
Y,0.375,0.112,0.193,0.268,0.402,0,1,0
Y,0.412,0.102,0.193,0.259,0.392,0,1,0
Y,0.370,0.105,0.193,0.299,0.400,0,1,0
Y,0.409,0.098,0.178,0.280,0.425,0,1,0
Y,0.425,0.117,0.185,0.295,0.409,0,1,0
Y,0.421,0.093,0.177,0.282,0.389,0,1,0
Y,0.436,0.118,0.201,0.299,0.380,0,1,0
Y,0.411,0.114,0.158,0.235,0.410,0,1,0
Y,0.425,0.128,0.178,0.276,0.363,0,1,0
Y,0.408,0.131,0.214,0.299,0.397,0,1,0
Y,0.407,0.121,0.163,0.297,0.372,0,1,0
Y,0.386,0.135,0.207,0.271,0.374,0,1,0
Y,0.425,0.127,0.191,0.302,0.378,0,1,0
Y,0.425,0.138,0.195,0.268,0.374,0,1,0
Y,0.388,0.127,0.166,0.313,0.374,0,1,0
Y,0.400,0.131,0.206,0.281,0.360,0,1,0
Y,0.383,0.146,0.198,0.304,0.388,0,1,0
Y,0.396,0.129,0.178,0.276,0.370,0,1,0
Y,0.376,0.136,0.202,0.292,0.382,0,1,0